<?xml version="1.0" encoding="UTF-8"?>
<project-private xmlns="http://www.netbeans.org/ns/project-private/1">
    <editor-bookmarks xmlns="http://www.netbeans.org/ns/editor-bookmarks/2" lastBookmarkId="0"/>
    <open-files xmlns="http://www.netbeans.org/ns/projectui-open-files/2">
        <group>
            <file>file:/C:/xampp/htdocs/repositorioFacturas/reportes/reportes.php</file>
            <file>file:/C:/xampp/htdocs/repositorioFacturas/facturas/verFacturasPorUsuario.php</file>
            <file>file:/C:/xampp/htdocs/repositorioFacturas/facturas/js/facturasUsuario.js</file>
            <file>file:/C:/xampp/htdocs/repositorioFacturas/reportes/js/reportes.js</file>
            <file>file:/C:/xampp/htdocs/repositorioFacturas/acciones.php</file>
            <file>file:/C:/xampp/htdocs/repositorioFacturas/reportes/css/style.css</file>
        </group>
    </open-files>
</project-private>
