<?xml version="1.0" encoding="UTF-8"?>
<project-private xmlns="http://www.netbeans.org/ns/project-private/1">
    <editor-bookmarks xmlns="http://www.netbeans.org/ns/editor-bookmarks/2" lastBookmarkId="0"/>
    <open-files xmlns="http://www.netbeans.org/ns/projectui-open-files/2">
        <group>
            <file>file:/C:/xampp/htdocs/repositorioFacturas/js/index.js</file>
            <file>file:/C:/xampp/htdocs/repositorioFacturas/usuarios/nuevaEmpresa.php</file>
            <file>file:/C:/xampp/htdocs/repositorioFacturas/usuarios/usuarios.php</file>
            <file>file:/C:/xampp/htdocs/repositorioFacturas/usuarios/formulario.php</file>
            <file>file:/C:/xampp/htdocs/repositorioFacturas/recPass.php</file>
            <file>file:/C:/xampp/htdocs/repositorioFacturas/usuarios/nuevoUsuario.php</file>
            <file>file:/C:/xampp/htdocs/repositorioFacturas/facturas/js/facturasUsuario.js</file>
            <file>file:/C:/xampp/htdocs/repositorioFacturas/usuarios/cambiarContrasena.php</file>
            <file>file:/C:/xampp/htdocs/repositorioFacturas/index.php</file>
        </group>
    </open-files>
</project-private>
